age,blood_pressure,cholesterol,bmi,glucose,sex,target
29,144.2,249.0,25.1,81.3,1,0
67,127.8,223.4,22.5,123.1,0,1
61,122.1,205.4,27.1,72.7,1,0
49,106.4,222.2,25.5,103.9,1,0
48,94.9,278.3,21.9,113.3,0,0
72,116.2,282.7,37.2,183.4,0,1
29,124.0,212.4,35.9,68.7,0,0
63,156.8,215.6,32.7,154.2,1,1
36,127.3,247.7,22.4,114.5,1,1
30,142.7,180.4,31.3,122.3,1,0
53,116.0,221.7,30.2,113.6,1,1
78,103.7,209.1,29.2,123.3,0,1
65,107.6,221.0,33.2,105.4,0,1
66,111.9,180.8,30.2,153.6,0,1
64,163.3,154.4,30.7,96.3,0,1
68,110.2,137.4,30.2,144.0,1,1
53,140.1,170.9,28.7,90.7,1,0
32,108.7,193.9,18.1,108.2,0,0
71,141.8,199.7,27.4,77.8,1,1
49,131.9,277.8,24.2,123.7,1,1
52,122.2,248.7,20.6,153.4,0,1
45,124.3,176.3,35.4,107.7,1,1
35,113.2,222.2,35.6,104.1,1,0
75,133.0,195.8,33.8,76.6,1,1
67,116.8,200.0,28.3,103.1,1,0
60,102.9,216.5,33.8,62.2,0,0
47,102.0,231.7,27.1,82.6,1,0
70,128.1,198.1,28.0,116.8,0,1
54,153.4,247.2,21.5,149.6,1,1
49,127.9,170.0,29.0,194.3,0,1
49,122.9,210.2,27.3,92.4,0,0
37,130.1,300.9,20.5,153.1,1,0
30,148.5,217.8,26.7,117.3,0,1
55,128.9,260.2,26.6,105.5,0,1
73,117.6,213.2,36.0,123.0,1,1
28,144.9,230.3,31.5,111.9,0,1
72,132.7,208.0,27.1,113.3,1,1
70,152.6,204.0,28.2,97.8,0,1
40,128.3,182.7,27.2,68.1,0,0
59,103.0,225.1,26.0,63.7,1,1
34,100.4,180.2,21.6,129.6,0,0
66,154.7,233.3,26.2,101.7,0,1
63,156.0,248.0,23.3,92.1,1,1
44,121.8,222.8,20.7,110.3,1,0
28,118.1,200.0,29.6,133.8,0,1
78,151.3,225.9,29.0,115.4,1,1
49,105.1,199.2,18.1,90.3,1,0
74,108.9,242.7,26.4,146.8,1,1
62,136.6,145.9,32.0,157.4,0,1
67,117.9,198.3,32.3,124.8,1,0
66,124.9,140.3,32.1,139.2,1,1
35,122.1,157.7,27.2,147.3,1,1
45,131.1,257.7,22.8,143.9,0,1
50,150.3,241.3,21.6,128.4,1,0
52,126.6,184.8,28.7,128.0,1,1
27,136.6,157.4,28.9,125.6,0,0
55,88.1,106.2,33.4,77.1,1,0
33,124.1,191.0,32.5,131.0,1,0
65,109.8,294.7,26.3,69.3,0,1
62,103.1,225.2,20.8,86.2,1,0
75,109.2,190.4,25.4,149.1,0,1
65,119.0,226.3,28.1,135.2,1,1
45,141.5,155.4,26.0,154.6,1,1
78,101.1,199.6,24.1,101.8,1,1
47,125.6,213.5,28.3,75.4,0,0
42,116.3,207.0,24.5,102.8,1,0
74,119.1,237.7,23.9,113.1,0,1
45,143.0,222.1,28.6,112.4,1,1
29,134.7,233.4,25.0,144.0,1,0
50,149.1,185.9,28.2,99.2,0,0
68,122.2,241.4,28.4,120.6,0,1
35,112.5,267.0,21.3,80.3,0,0
50,121.0,176.0,24.6,123.5,1,0
32,129.4,178.9,34.2,110.1,0,0
62,128.2,256.8,21.2,87.5,0,1
51,105.5,203.3,16.4,102.9,0,0
43,126.6,259.1,17.7,104.5,0,0
37,129.1,194.5,27.1,101.9,0,0
56,170.3,260.9,27.2,163.1,0,1
61,158.8,214.6,26.4,107.0,0,1
76,109.6,219.0,33.1,102.7,1,1
49,119.8,264.8,13.6,47.1,0,0
33,98.7,197.3,29.0,83.2,1,0
70,114.4,177.1,34.8,102.1,1,1
59,130.7,194.3,21.4,89.4,1,0
63,146.7,225.8,25.1,151.5,0,1
30,111.9,155.2,23.2,105.1,0,0
42,113.2,232.3,22.5,148.7,1,1
67,86.3,191.1,25.4,111.9,1,0
70,122.1,250.2,34.1,111.1,1,1
48,105.9,126.2,36.2,107.3,0,1
69,115.5,182.5,25.3,110.1,0,0
71,109.2,151.0,36.5,161.6,0,1
46,123.3,181.1,27.2,40.4,0,0
74,93.4,218.7,35.8,50.0,1,0
40,98.6,203.7,26.5,93.7,0,0
38,163.3,201.1,27.7,110.4,0,0
62,101.8,204.4,28.8,130.7,1,1
60,105.3,217.1,42.9,124.2,1,1
32,158.1,174.7,31.3,98.5,0,0
70,177.3,234.7,23.5,140.6,0,1
35,103.9,233.2,31.8,140.9,1,1
69,118.4,223.5,25.2,115.5,1,1
25,131.1,229.5,24.6,138.9,1,1
68,156.1,220.4,31.5,118.2,1,1
68,107.2,281.2,27.2,93.2,1,1
67,120.6,207.0,28.4,130.9,0,0
61,139.0,199.3,27.1,113.3,0,1
50,132.8,183.6,28.7,110.0,1,1
63,118.2,173.9,29.1,154.2,0,1
40,122.6,166.4,17.3,36.5,0,0
67,100.3,178.9,30.3,67.5,0,0
55,120.7,207.5,22.1,74.4,1,0
50,120.2,221.7,19.8,99.1,0,0
52,129.2,211.8,26.7,102.4,0,0
56,115.0,183.2,27.4,64.8,0,0
27,133.5,241.5,23.5,80.4,0,0
32,143.2,235.9,31.2,84.2,1,0
38,127.8,204.4,20.3,183.7,0,1
31,131.3,187.1,25.0,164.1,1,1
49,126.0,229.2,24.1,97.6,0,0
61,125.0,216.6,26.8,99.1,1,1
60,112.0,159.3,28.4,75.5,1,0
50,130.7,207.6,22.0,52.8,1,0
72,123.2,219.2,30.6,106.5,1,1
56,162.7,178.5,27.3,80.1,0,1
29,153.3,216.6,17.5,107.5,1,1
67,131.9,159.1,17.2,62.0,1,0
56,111.3,256.8,26.9,87.1,1,1
59,105.0,253.7,25.9,114.5,1,0
56,146.4,201.2,26.5,121.0,1,1
55,129.7,222.7,26.9,122.5,1,1
29,133.6,125.7,28.1,70.4,1,0
55,93.6,169.5,31.7,135.6,1,0
68,141.7,199.7,21.4,86.0,0,0
41,133.2,172.5,21.1,129.0,0,0
58,105.0,235.0,21.5,109.7,0,0
26,116.5,279.9,28.4,68.7,0,0
44,129.7,168.8,33.2,100.5,0,1
49,125.9,180.7,24.8,121.0,0,0
79,119.7,218.2,14.5,128.4,0,1
36,123.1,266.4,18.5,105.8,0,0
40,120.5,167.2,22.8,156.0,1,0
47,127.7,218.7,24.2,140.2,1,0
79,151.5,273.7,25.0,102.3,1,1
71,78.8,152.2,27.2,132.5,0,0
26,120.7,165.2,25.4,168.0,0,0
37,128.2,195.2,32.2,168.8,1,0
70,130.3,191.8,23.6,73.2,0,0
28,118.3,238.4,22.7,82.2,1,0
72,93.4,218.5,29.4,154.5,0,1
40,130.9,147.9,19.3,78.3,0,0
75,156.1,228.0,28.9,70.3,1,1
41,97.4,189.8,27.5,95.4,0,0
48,140.5,254.6,26.3,122.6,0,1
61,119.1,188.0,34.9,106.9,1,1
31,123.9,187.7,23.9,90.5,0,0
55,106.0,228.9,37.3,89.8,1,1
52,119.0,236.7,25.9,88.6,0,0
68,148.4,225.7,20.6,83.6,0,1
79,135.5,151.0,27.3,178.4,1,1
61,156.2,228.8,21.6,118.9,0,1
47,146.2,173.8,23.2,136.6,1,1
47,132.9,218.2,29.0,95.3,1,1
47,156.4,160.2,29.8,104.4,1,0
69,132.9,225.6,23.9,88.6,0,1
42,139.9,181.8,31.9,30.4,1,1
34,119.7,165.1,32.8,68.7,1,1
43,126.2,235.0,34.2,55.7,1,0
26,112.4,218.5,29.6,42.5,0,0
30,142.8,188.5,33.8,74.1,1,0
29,103.8,260.8,17.6,149.7,0,0
67,139.1,194.6,25.4,108.7,1,1
64,121.6,211.1,22.7,148.7,0,1
63,146.1,219.4,27.6,122.3,1,1
50,138.5,188.3,24.1,133.5,1,1
64,157.8,226.5,26.2,83.0,0,1
33,138.2,191.3,36.4,125.7,1,1
74,96.7,195.6,26.2,131.9,1,0
52,123.8,257.7,29.1,92.7,0,1
76,103.9,173.6,25.8,126.8,0,1
33,115.7,125.6,27.4,127.0,1,0
52,152.2,266.4,27.0,93.5,0,1
63,136.5,299.2,29.2,76.3,0,0
52,112.4,195.8,32.8,74.5,1,0
49,106.8,142.2,35.2,112.6,0,0
34,125.6,199.1,28.5,119.8,1,1
45,103.1,200.0,29.9,86.2,0,0
38,112.9,203.4,21.2,110.8,1,0
41,130.6,171.0,26.6,127.1,0,0
62,145.8,230.3,31.7,128.5,1,1
59,136.0,228.4,31.3,156.6,1,1
58,83.8,157.7,28.1,148.3,0,1
44,130.5,234.5,31.4,80.0,0,0
77,126.3,281.8,29.5,160.5,1,1
29,132.5,216.0,33.0,94.1,1,0
43,154.1,198.2,28.4,141.3,1,1
31,87.9,205.0,25.2,112.0,0,0
43,114.4,231.5,28.7,97.6,1,1
77,135.6,149.4,12.3,55.8,1,0
45,96.5,215.8,28.9,104.9,0,1
74,151.6,196.3,8.8,63.2,0,0
52,131.6,274.7,18.4,139.0,0,1
63,140.2,203.9,29.3,155.5,1,1
50,114.7,268.4,29.4,86.1,0,0
39,139.6,171.4,21.2,119.1,0,0
67,144.2,230.6,23.4,88.2,1,0
78,129.2,221.2,33.9,91.1,0,1
39,129.2,179.6,24.6,133.2,1,1
67,129.9,216.2,38.2,108.8,1,1
39,109.5,252.4,27.0,162.2,1,1
64,122.3,198.7,29.0,95.5,1,1
68,122.3,150.8,35.1,140.0,1,1
49,131.9,209.4,27.7,112.9,1,1
65,143.0,178.4,22.0,133.9,1,0
39,105.9,198.0,26.5,96.6,0,0
29,122.7,207.1,26.8,108.5,0,0
30,151.7,150.3,20.2,106.5,1,0
49,111.6,153.5,25.7,84.9,0,0
74,110.2,226.9,23.3,129.9,1,1
32,128.6,191.7,31.6,129.5,1,0
50,140.2,120.2,27.2,127.8,1,1
63,125.2,237.5,25.6,156.1,0,1
36,148.9,219.5,26.5,153.5,0,1
64,140.4,185.0,28.1,98.8,0,0
41,140.2,163.9,30.1,121.2,1,0
69,135.0,239.3,22.0,91.3,1,1
56,166.9,222.2,21.8,110.7,1,1
55,121.3,293.4,32.5,92.0,1,1
34,88.9,224.7,24.9,158.6,1,0
50,153.9,223.6,19.9,120.9,1,1
72,116.8,204.2,29.2,103.5,0,1
26,126.9,238.6,29.3,145.8,1,1
66,148.6,231.9,19.3,44.9,0,0
52,96.2,253.8,28.1,49.6,1,0
64,102.5,191.8,30.7,133.9,1,1
61,96.2,194.8,28.9,111.8,0,0
48,110.7,193.2,30.2,117.5,1,0
41,132.9,237.7,20.0,70.2,0,0
59,134.4,262.4,28.7,109.3,1,1
32,130.0,193.9,25.5,170.1,0,0
57,99.6,195.1,24.6,134.7,0,0
30,83.4,221.0,31.4,115.1,1,0
60,126.0,201.4,34.4,96.8,0,1
59,116.5,243.3,36.0,98.2,1,1
29,133.3,131.2,33.6,46.1,1,0
66,137.6,181.1,26.5,117.7,0,0
47,127.5,182.6,28.8,135.4,0,1
68,138.7,128.8,30.8,62.7,0,0
27,129.1,176.3,27.6,90.2,0,0
34,134.5,178.0,27.7,75.3,0,0
52,112.3,203.0,31.1,81.0,1,0
35,121.8,249.0,26.7,111.6,0,1
43,128.5,201.4,23.4,47.5,1,0
61,139.8,173.9,24.9,128.4,0,0
32,117.9,208.0,30.2,132.6,1,0
62,134.4,246.7,27.0,102.5,1,1
30,120.2,175.8,28.7,35.6,0,0
34,122.9,178.1,30.4,80.1,1,0
57,139.9,229.5,25.1,147.0,0,1
68,89.1,202.2,30.8,26.7,0,1
34,101.7,232.7,28.9,99.6,1,0
41,98.3,209.5,20.8,74.6,1,0
75,83.0,234.6,34.2,134.1,0,1
79,112.8,173.8,24.5,89.7,0,0
56,138.5,209.6,18.7,122.1,0,0
49,119.9,202.6,21.8,127.0,0,0
44,128.6,167.4,21.9,165.1,0,0
58,144.6,155.3,27.3,103.9,0,0
57,148.9,234.0,25.6,121.3,1,1
41,123.8,197.7,25.3,65.4,0,0
26,149.4,174.2,30.1,145.7,1,0
33,126.7,206.6,28.7,87.2,1,1
77,109.9,249.5,28.6,93.2,1,1
47,114.3,130.2,29.0,109.3,0,0
51,98.4,157.6,30.1,63.1,1,0
50,109.0,177.7,16.5,116.9,1,1
68,118.6,261.1,25.2,139.0,0,1
28,139.5,219.9,16.1,118.8,1,0
29,156.0,236.9,27.2,62.3,0,0
40,100.1,170.1,27.0,106.3,1,0
51,132.1,170.8,32.2,132.3,0,0
61,106.3,225.7,32.9,53.7,1,1
51,133.5,212.0,28.0,77.8,0,1
49,122.6,229.2,24.5,136.3,0,1
76,92.0,203.4,29.4,118.1,0,0
33,141.7,219.7,24.4,122.4,0,0
56,114.1,215.5,27.0,165.8,0,1
54,115.4,237.2,31.9,124.1,0,1
51,105.7,238.2,24.2,129.7,0,1
69,113.2,153.3,31.0,191.3,1,1
39,132.7,131.3,30.4,103.6,1,0
77,121.6,245.1,22.2,86.1,1,1
43,130.9,251.6,31.9,122.8,1,0
54,131.5,174.3,30.5,123.2,0,1
53,148.8,144.9,27.5,94.2,0,0
71,118.8,213.5,23.2,79.0,0,0
49,98.4,242.6,22.7,179.3,0,0
40,144.2,272.9,24.3,119.8,0,1
26,119.0,228.1,29.7,88.0,1,0
