patient_id,age,sex,cp,trestbps,chol,fbs,restecg,thalach,exang,oldpeak,slope,ca,thal,target
P001,71,1,0,146,191,0,1,147,1,2.5,3,1,7,1
P002,34,1,3,111,231,0,1,179,0,1.7,1,2,6,1
P003,26,0,1,131,261,0,1,182,0,1.4,1,1,7,0
P004,60,0,1,131,196,0,1,163,0,2.0,1,0,3,1
P005,45,0,0,118,196,1,2,157,1,0.0,3,0,3,0
P006,50,1,2,119,240,0,2,166,1,0.0,1,1,7,0
P007,29,0,1,102,163,0,1,203,0,2.3,1,2,3,0
P008,45,0,0,110,189,0,2,164,0,1.9,1,1,7,0
P009,60,0,2,102,186,0,0,113,0,1.9,3,2,7,1
P010,44,0,2,119,203,0,1,159,0,1.2,1,1,3,0
P011,70,1,0,120,214,1,2,161,0,0.2,3,1,6,0
P012,68,0,0,120,294,0,1,169,0,0.0,3,0,3,1
P013,63,0,0,137,256,0,1,160,0,1.9,2,1,7,1
P014,74,1,3,127,221,0,2,169,0,2.1,1,2,6,1
P015,64,0,1,117,211,0,0,134,0,0.0,3,2,7,0
P016,34,0,1,117,255,0,0,202,1,0.3,1,2,3,0
P017,72,0,0,110,237,0,1,149,0,0.9,2,1,3,0
P018,60,0,0,126,256,0,1,168,0,1.9,3,0,3,1
P019,30,0,2,126,275,1,1,132,0,0.7,3,3,7,0
P020,41,0,3,159,180,0,2,189,0,0.1,3,3,7,0
P021,34,1,3,158,130,0,1,184,0,2.0,2,3,3,0
P022,78,1,2,157,219,0,1,174,1,1.6,1,2,3,1
P023,65,1,1,167,223,0,0,155,0,0.3,1,3,7,1
P024,75,0,1,108,231,0,2,125,1,0.3,2,3,3,1
P025,40,1,0,142,196,0,1,160,0,2.1,3,1,6,0
P026,59,1,0,144,211,0,2,164,0,0.0,2,3,7,1
P027,58,0,1,139,242,0,0,163,0,0.7,2,2,6,0
P028,66,1,3,168,245,0,2,139,0,1.4,3,3,3,1
P029,31,1,1,176,273,0,2,163,0,1.2,1,3,6,1
P030,53,1,1,148,133,0,1,190,0,1.9,1,3,3,1
P031,60,0,0,142,154,0,2,152,0,0.0,2,3,3,0
P032,70,1,0,110,278,0,2,146,0,1.0,3,3,7,1
P033,61,0,2,110,244,0,2,145,1,1.3,3,2,7,1
P034,49,0,3,143,252,0,2,191,1,1.3,1,3,3,1
P035,50,0,2,129,209,0,0,185,1,1.6,1,3,6,1
P036,43,1,0,106,201,0,1,153,0,0.0,2,3,6,0
P037,33,0,2,128,228,0,2,179,1,2.4,3,2,7,1
P038,40,1,0,136,182,0,0,157,0,1.5,3,1,6,0
P039,33,1,2,147,159,0,2,210,1,1.6,2,0,7,0
P040,37,1,1,128,176,0,2,185,0,0.4,1,0,7,0
P041,71,0,1,125,225,0,2,141,1,1.2,1,2,3,1
P042,53,1,0,130,245,0,1,156,0,2.3,3,3,3,1
P043,30,0,0,133,286,0,2,193,0,1.0,2,2,3,1
P044,48,1,1,109,235,0,0,162,0,1.2,2,1,3,1
P045,39,1,1,145,239,1,0,203,1,1.3,2,0,3,0
P046,61,1,2,169,288,0,0,138,0,0.0,1,3,3,1
P047,70,1,2,145,189,0,2,125,0,0.8,2,0,3,1
P048,25,0,3,104,182,0,1,210,1,1.7,2,3,3,0
P049,50,1,0,132,198,1,2,157,1,0.5,1,0,7,1
P050,49,1,3,98,216,0,1,191,0,1.0,1,2,3,0
P051,79,1,2,97,301,0,2,155,0,1.0,3,3,3,1
P052,45,1,0,142,206,0,1,145,1,0.0,2,1,6,0
P053,34,0,3,131,272,0,1,168,1,1.8,1,0,3,0
P054,35,0,3,118,201,1,1,179,0,0.0,2,2,3,0
P055,51,1,1,92,240,0,2,160,0,1.4,2,3,3,1
P056,57,1,0,107,247,0,0,164,0,0.9,3,3,7,1
P057,42,0,1,133,241,0,2,161,1,0.7,1,1,3,1
P058,48,0,3,131,250,0,2,165,0,1.1,3,0,3,1
P059,61,0,3,142,192,0,0,173,0,1.8,3,0,3,0
P060,41,1,1,157,278,0,0,197,0,1.8,3,3,7,1
P061,78,0,1,124,259,0,2,126,0,0.6,1,2,7,1
P062,36,0,2,138,192,0,2,173,0,0.8,2,2,3,0
P063,76,0,0,128,240,1,1,139,1,0.1,2,3,7,1
P064,73,1,2,121,177,0,0,120,0,0.0,3,3,6,0
P065,77,1,0,126,224,0,0,158,0,2.0,3,1,7,1
P066,68,1,3,147,173,0,1,159,0,0.0,3,1,7,1
P067,54,0,0,111,249,1,2,171,0,0.3,3,2,7,0
P068,58,1,3,151,339,0,2,156,0,1.4,2,3,3,1
P069,36,1,2,157,279,0,0,193,0,0.0,1,3,7,0
P070,43,0,1,131,249,0,1,189,0,1.5,1,0,6,0
P071,50,0,3,135,184,0,2,186,0,0.2,1,3,3,0
P072,77,1,2,105,235,0,2,138,0,0.0,2,2,3,1
P073,68,1,1,172,267,0,1,155,1,0.4,2,3,3,1
P074,55,0,2,148,216,0,0,154,1,0.1,3,3,3,1
P075,57,1,2,133,225,0,2,153,0,1.2,1,0,3,1
P076,48,1,0,131,152,0,2,184,1,2.4,2,2,3,1
P077,48,1,0,138,186,0,1,168,0,1.7,2,0,3,1
P078,74,0,2,118,146,0,1,141,0,1.5,1,0,3,1
P079,25,0,1,135,297,1,0,198,0,0.4,1,1,3,0
P080,42,0,1,113,239,0,2,184,0,0.8,3,3,3,0
P081,47,0,2,139,249,0,1,154,0,1.1,2,2,7,1
P082,63,0,0,118,212,0,2,142,0,0.9,2,2,6,0
P083,47,0,3,146,162,0,0,181,0,1.1,2,0,6,0
P084,42,0,2,128,227,0,2,182,1,0.0,1,1,7,0
P085,29,1,0,135,195,0,2,180,0,2.7,1,0,6,1
P086,39,1,1,183,181,0,2,196,0,0.0,3,3,7,0
P087,30,0,2,144,222,1,0,181,1,0.8,3,1,6,0
P088,63,0,2,135,224,0,2,119,1,1.8,2,3,3,1
P089,48,1,2,131,213,0,1,152,0,0.2,2,0,6,0
P090,37,1,2,111,189,0,2,150,0,2.0,2,3,3,0
P091,54,1,0,150,181,0,0,182,1,0.0,3,2,3,1
P092,52,1,1,159,220,0,1,172,0,0.2,2,2,3,0
P093,51,1,1,131,269,0,0,166,0,0.0,2,2,7,0
P094,56,1,3,160,156,0,1,118,0,2.0,2,0,3,1
P095,59,1,2,128,194,0,2,130,1,0.0,2,1,7,0
P096,35,0,0,98,214,0,1,176,0,0.3,3,2,3,0
P097,33,1,3,118,214,0,0,148,1,1.7,2,3,3,1
P098,65,0,1,111,196,0,1,168,0,1.3,3,2,6,0
P099,78,1,3,125,297,0,1,138,1,2.0,2,2,3,1
P100,55,0,1,141,236,0,1,158,0,1.6,1,2,7,1
P101,49,0,3,113,181,0,2,165,0,1.8,1,1,3,0
P102,59,0,3,129,145,0,0,140,0,0.5,2,0,7,0
P103,26,0,2,134,213,0,0,168,0,0.9,2,3,3,0
P104,45,1,2,117,279,0,0,135,0,1.7,1,1,3,1
P105,44,0,0,114,228,0,2,171,0,1.7,3,1,3,1
P106,48,1,0,132,127,0,1,174,0,1.9,2,1,7,0
P107,65,0,3,146,165,0,0,147,1,0.2,3,2,3,1
P108,52,0,2,119,225,0,0,158,0,0.0,3,0,6,0
P109,72,0,1,116,263,0,2,128,0,0.0,1,1,3,0
P110,50,1,3,127,226,0,2,170,0,0.5,2,1,3,1
P111,26,0,2,135,226,1,1,142,0,0.8,1,2,3,0
P112,62,1,3,120,263,0,2,134,1,0.0,3,1,6,1
P113,68,1,2,124,270,0,2,137,0,0.8,2,0,3,1
P114,56,1,0,126,193,0,0,150,1,1.6,1,2,7,1
P115,76,1,1,110,238,0,0,146,1,1.9,3,3,7,1
P116,47,1,0,127,182,0,2,164,0,0.3,2,2,7,0
P117,68,0,3,120,177,1,0,152,1,1.5,1,2,3,1
P118,25,1,3,159,244,0,1,210,0,0.0,1,1,3,0
P119,27,0,0,121,163,0,0,210,0,0.3,1,2,3,0
P120,68,0,3,138,227,0,2,160,1,1.0,1,0,7,1
P121,73,0,1,137,233,0,0,167,0,0.3,2,2,3,0
P122,53,1,0,110,254,0,0,193,1,0.2,2,0,3,0
P123,66,1,1,108,174,0,1,157,0,1.2,2,3,3,0
P124,42,1,2,122,235,0,1,147,0,0.0,3,1,3,0
P125,64,1,0,142,215,0,1,170,0,1.0,2,0,7,1
P126,52,1,1,120,279,0,1,145,1,0.8,3,0,6,1
P127,41,1,2,118,190,0,0,207,1,1.4,1,0,3,0
P128,30,0,1,90,176,0,2,210,0,1.7,1,1,7,0
P129,34,1,2,123,240,0,2,170,1,1.1,1,0,3,0
P130,74,1,0,136,186,0,0,124,0,0.4,1,1,7,0
P131,49,1,0,138,168,0,0,154,0,1.9,3,0,7,0
P132,79,1,1,138,256,0,1,138,0,1.1,1,0,3,1
P133,44,1,1,124,237,1,1,193,0,0.1,1,3,3,1
P134,28,0,1,126,120,0,2,163,0,1.1,2,1,3,0
P135,39,0,1,145,183,0,2,191,0,0.3,1,3,3,0
P136,44,0,3,128,176,0,2,133,0,0.0,3,3,3,1
P137,63,0,1,90,246,0,1,175,1,0.0,1,0,7,0
P138,65,0,2,148,279,0,0,150,0,0.6,2,1,3,1
P139,65,0,3,111,302,0,2,155,0,0.5,2,0,6,0
P140,42,1,0,155,248,0,2,170,1,0.0,3,1,3,0
P141,45,0,0,160,176,0,2,186,0,0.6,3,1,7,0
P142,56,0,1,144,175,0,0,166,0,1.4,2,3,7,0
P143,58,0,2,146,182,1,1,188,0,0.0,2,1,3,0
P144,47,0,1,163,240,0,0,136,0,1.2,3,3,7,1
P145,35,1,0,110,271,0,2,162,0,0.0,2,2,3,0
P146,67,0,2,135,143,1,0,125,0,1.4,2,2,6,1
P147,53,1,3,134,244,1,2,175,0,0.4,2,1,3,1
P148,77,0,2,113,257,0,2,110,1,0.0,3,2,3,1
P149,77,1,3,166,233,0,1,184,0,2.0,3,0,7,1
P150,73,0,1,120,349,0,2,146,0,1.4,1,0,7,1
